{
    "loss": 8.087702751159668,
    "accuracy": 0.37299033999443054
}