{
    "loss": 4.68941068649292,
    "accuracy": 0.6894426345825195
}